{"version":60,"data":{"zhidiLedgerCost":[{"value":{"name":"zhidiLedgerCost","span":"156[0:0]-173[0:0]","file":"D:\\github\\oa\\oa-client\\app\\view\\ledger\\ZhidiLedgerCostController.js","implicit":true},"origin":"d:\\github\\oa\\oa-client\\app\\view\\ledger\\zhidiledgercostcontroller.js"}],"zhiyeLedgerCost":[{"value":{"name":"zhiyeLedgerCost","span":"156[0:0]-173[0:0]","file":"D:\\github\\oa\\oa-client\\app\\view\\ledger\\ZhiyeLedgerCostController.js","implicit":true},"origin":"d:\\github\\oa\\oa-client\\app\\view\\ledger\\zhiyeledgercostcontroller.js"},{"value":{"name":"zhiyeLedgerCost","span":"156[0:0]-173[0:0]","file":"D:\\github\\oa\\oa-client\\app\\view\\ledger\\ZhiyeLedgerCostController.js","implicit":true},"origin":"d:\\github\\oa\\oa-client\\app\\view\\ledger\\zhiyeledgercostcontroller.js"},{"value":{"name":"zhiyeLedgerCost","span":"156[0:0]-173[0:0]","file":"D:\\github\\oa\\oa-client\\app\\view\\ledger\\ZhiyeLedgerCostController.js","implicit":true},"origin":"d:\\github\\oa\\oa-client\\app\\view\\ledger\\zhiyeledgercostcontroller.js"},{"value":{"name":"zhiyeLedgerCost","span":"156[0:0]-173[0:0]","file":"D:\\github\\oa\\oa-client\\app\\view\\ledger\\ZhiyeLedgerCostController.js","implicit":true},"origin":"d:\\github\\oa\\oa-client\\app\\view\\ledger\\zhiyeledgercostcontroller.js"}],"User":[{"value":{"name":"User","span":"132[0:0]-138[0:0]","file":"D:\\github\\oa\\oa-client\\app\\view\\user\\UserController.js","implicit":true},"origin":"d:\\github\\oa\\oa-client\\app\\view\\user\\usercontroller.js"},{"value":{"name":"User","span":"132[0:0]-138[0:0]","file":"D:\\github\\oa\\oa-client\\app\\view\\user\\UserController.js","implicit":true},"origin":"d:\\github\\oa\\oa-client\\app\\view\\user\\usercontroller.js"},{"value":{"name":"User","span":"132[0:0]-138[0:0]","file":"D:\\github\\oa\\oa-client\\app\\view\\user\\UserController.js","implicit":true},"origin":"d:\\github\\oa\\oa-client\\app\\view\\user\\usercontroller.js"},{"value":{"name":"User","span":"132[0:0]-138[0:0]","file":"D:\\github\\oa\\oa-client\\app\\view\\user\\UserController.js","implicit":true},"origin":"d:\\github\\oa\\oa-client\\app\\view\\user\\usercontroller.js"},{"value":{"name":"User","span":"132[0:0]-138[0:0]","file":"D:\\github\\oa\\oa-client\\app\\view\\user\\UserController.js","implicit":true},"origin":"d:\\github\\oa\\oa-client\\app\\view\\user\\usercontroller.js"},{"value":{"name":"User","span":"132[0:0]-138[0:0]","file":"D:\\github\\oa\\oa-client\\app\\view\\user\\UserController.js","implicit":true},"origin":"d:\\github\\oa\\oa-client\\app\\view\\user\\usercontroller.js"}],"workflow":[{"value":{"name":"workflow","span":"144[0:0]-154[0:0]","file":"D:\\github\\oa\\oa-client\\app\\view\\workflow\\WorkflowController.js","implicit":true},"origin":"d:\\github\\oa\\oa-client\\app\\view\\workflow\\workflowcontroller.js"},{"value":{"name":"workflow","span":"144[0:0]-154[0:0]","file":"D:\\github\\oa\\oa-client\\app\\view\\workflow\\WorkflowController.js","implicit":true},"origin":"d:\\github\\oa\\oa-client\\app\\view\\workflow\\workflowcontroller.js"},{"value":{"name":"workflow","span":"144[0:0]-154[0:0]","file":"D:\\github\\oa\\oa-client\\app\\view\\workflow\\WorkflowController.js","implicit":true},"origin":"d:\\github\\oa\\oa-client\\app\\view\\workflow\\workflowcontroller.js"},{"value":{"name":"workflow","span":"144[0:0]-154[0:0]","file":"D:\\github\\oa\\oa-client\\app\\view\\workflow\\WorkflowController.js","implicit":true},"origin":"d:\\github\\oa\\oa-client\\app\\view\\workflow\\workflowcontroller.js"}],"Area":[{"value":{"name":"Area","span":"473[0:0]-479[0:0]","file":"D:\\github\\oa\\oa-client\\app\\Application.js","implicit":true},"origin":"d:\\github\\oa\\oa-client\\app\\application.js"},{"value":{"name":"Area","span":"473[0:0]-479[0:0]","file":"D:\\github\\oa\\oa-client\\app\\Application.js","implicit":true},"origin":"d:\\github\\oa\\oa-client\\app\\application.js"},{"value":{"name":"Area","span":"473[0:0]-479[0:0]","file":"D:\\github\\oa\\oa-client\\app\\Application.js","implicit":true},"origin":"d:\\github\\oa\\oa-client\\app\\application.js"}],"area":[{"value":{"name":"area","span":"119[0:0]-134[0:0]","file":"D:\\github\\oa\\oa-client\\app\\store\\Area.js"},"origin":"d:\\github\\oa\\oa-client\\app\\store\\area.js"},{"value":{"name":"area","span":"119[0:0]-134[0:0]","file":"D:\\github\\oa\\oa-client\\app\\store\\Area.js"},"origin":"d:\\github\\oa\\oa-client\\app\\store\\area.js"},{"value":{"name":"area","span":"119[0:0]-134[0:0]","file":"D:\\github\\oa\\oa-client\\app\\store\\Area.js"},"origin":"d:\\github\\oa\\oa-client\\app\\store\\area.js"}],"land":[{"value":{"name":"land","span":"117[0:0]-132[0:0]","file":"D:\\github\\oa\\oa-client\\app\\store\\Land.js"},"origin":"d:\\github\\oa\\oa-client\\app\\store\\land.js"},{"value":{"name":"land","span":"117[0:0]-132[0:0]","file":"D:\\github\\oa\\oa-client\\app\\store\\Land.js"},"origin":"d:\\github\\oa\\oa-client\\app\\store\\land.js"},{"value":{"name":"land","span":"117[0:0]-132[0:0]","file":"D:\\github\\oa\\oa-client\\app\\store\\Land.js"},"origin":"d:\\github\\oa\\oa-client\\app\\store\\land.js"}],"news":[{"value":{"name":"news","span":"117[0:0]-132[0:0]","file":"D:\\github\\oa\\oa-client\\app\\store\\News.js"},"origin":"d:\\github\\oa\\oa-client\\app\\store\\news.js"}],"store.bank":[{"value":{"name":"store.bank","span":"119[0:0]-140[0:0]","file":"D:\\github\\oa\\oa-client\\app\\store\\Bank.js"},"origin":"d:\\github\\oa\\oa-client\\app\\store\\bank.js"}],"taskClassifi":[{"value":{"name":"taskClassifi","span":"141[0:0]-164[0:0]","file":"D:\\github\\oa\\oa-client\\app\\store\\TaskClassifi.js"},"origin":"d:\\github\\oa\\oa-client\\app\\store\\taskclassifi.js"}],"store.taskClassifiTree":[{"value":{"name":"store.taskClassifiTree","span":"159[0:0]-192[0:0]","file":"D:\\github\\oa\\oa-client\\app\\store\\TaskClassifiTree.js"},"origin":"d:\\github\\oa\\oa-client\\app\\store\\taskclassifitree.js"}]}}