{"version":60,"data":{"zhidiLedgerCost":[{"value":{"name":"zhidiLedgerCost","span":"156[0:0]-173[0:0]","file":"D:\\github\\oa\\oa-client\\app\\view\\ledger\\ZhidiLedgerCostController.js","implicit":true},"origin":"d:\\github\\oa\\oa-client\\app\\view\\ledger\\zhidiledgercostcontroller.js"}],"zhiyeLedgerCost":[{"value":{"name":"zhiyeLedgerCost","span":"156[0:0]-173[0:0]","file":"D:\\github\\oa\\oa-client\\app\\view\\ledger\\ZhiyeLedgerCostController.js","implicit":true},"origin":"d:\\github\\oa\\oa-client\\app\\view\\ledger\\zhiyeledgercostcontroller.js"}],"User":[{"value":{"name":"User","span":"132[0:0]-138[0:0]","file":"D:\\github\\oa\\oa-client\\app\\view\\user\\UserController.js","implicit":true},"origin":"d:\\github\\oa\\oa-client\\app\\view\\user\\usercontroller.js"},{"value":{"name":"User","span":"132[0:0]-138[0:0]","file":"D:\\github\\oa\\oa-client\\app\\view\\user\\UserController.js","implicit":true},"origin":"d:\\github\\oa\\oa-client\\app\\view\\user\\usercontroller.js"},{"value":{"name":"User","span":"132[0:0]-138[0:0]","file":"D:\\github\\oa\\oa-client\\app\\view\\user\\UserController.js","implicit":true},"origin":"d:\\github\\oa\\oa-client\\app\\view\\user\\usercontroller.js"}],"workflow":[{"value":{"name":"workflow","span":"144[0:0]-154[0:0]","file":"D:\\github\\oa\\oa-client\\app\\view\\workflow\\WorkflowController.js","implicit":true},"origin":"d:\\github\\oa\\oa-client\\app\\view\\workflow\\workflowcontroller.js"}]}}